{
  "total_samples": 5600,
  "correct": 5469,
  "errors": 131,
  "accuracy": 0.9766071428571429,
  "error_rate": 0.023392857142857142,
  "glioma_total": 1400,
  "glioma_correct": 1390,
  "glioma_errors": 10,
  "glioma_accuracy": 0.9928571428571429,
  "meningioma_total": 1400,
  "meningioma_correct": 1385,
  "meningioma_errors": 15,
  "meningioma_accuracy": 0.9892857142857143,
  "notumor_total": 1400,
  "notumor_correct": 1387,
  "notumor_errors": 13,
  "notumor_accuracy": 0.9907142857142858,
  "pituitary_total": 1400,
  "pituitary_correct": 1307,
  "pituitary_errors": 93,
  "pituitary_accuracy": 0.9335714285714286,
  "confusion_pairs": {
    "pituitary\u2192glioma": 67,
    "pituitary\u2192meningioma": 25,
    "glioma\u2192meningioma": 10,
    "meningioma\u2192glioma": 10,
    "notumor\u2192glioma": 10,
    "meningioma\u2192pituitary": 3,
    "notumor\u2192meningioma": 3,
    "meningioma\u2192notumor": 2,
    "pituitary\u2192notumor": 1
  }
}